{
  "source_db": "./learning/initial_run/run_20260217T220726Z/normalized.db",
  "trade_count": 444887,
  "generated_at_utc": "2026-02-17T22:08:19.568667+00:00",
  "features": {
    "time_gap_ms": {
      "name": "time_gap_ms",
      "count": 444886,
      "min_val": 0,
      "max_val": 29639,
      "mean_val": 194.1746672181188,
      "median_val": 0.0,
      "std_val": 922.2236587031379,
      "percentiles": {
        "1": 0.0,
        "5": 0.0,
        "10": 0.0,
        "25": 0.0,
        "50": 0.0,
        "75": 5.0,
        "90": 322.0,
        "95": 996.0,
        "99": 4018.3000000000466
      }
    },
    "price_diff_bps": {
      "name": "price_diff_bps",
      "count": 444886,
      "min_val": 0.0,
      "max_val": 18.92830424145649,
      "mean_val": 0.04278253151377797,
      "median_val": 0.02177399248983314,
      "std_val": 0.28443133373357254,
      "percentiles": {
        "1": 0.0,
        "5": 0.0,
        "10": 0.0,
        "25": 0.0,
        "50": 0.02177399248983314,
        "75": 0.022134789802180234,
        "90": 0.022253748365416517,
        "95": 0.09825319469563623,
        "99": 0.5693309112244852
      }
    },
    "amount_ratio": {
      "name": "amount_ratio",
      "count": 444886,
      "min_val": 2.5577370779286217e-08,
      "max_val": 1.0,
      "mean_val": 0.617984010167941,
      "median_val": 0.9241837694255871,
      "std_val": 0.4231328127222681,
      "percentiles": {
        "1": 8.920606601248885e-05,
        "5": 0.0065217544993533775,
        "10": 0.02362518249789851,
        "25": 0.12190596488879077,
        "50": 0.9241837694255871,
        "75": 0.9999778800212352,
        "90": 1.0,
        "95": 1.0,
        "99": 1.0
      }
    },
    "reversal_time_gap_ms": {
      "name": "reversal_time_gap_ms",
      "count": 33370,
      "min_val": 0,
      "max_val": 24604,
      "mean_val": 1148.8468684447107,
      "median_val": 446.0,
      "std_val": 2027.294547947561,
      "percentiles": {
        "1": 1.0,
        "5": 5.0,
        "10": 19.0,
        "25": 114.0,
        "50": 446.0,
        "75": 1246.0,
        "90": 2823.0,
        "95": 4691.549999999999,
        "99": 11121.549999999988
      }
    },
    "notional": {
      "name": "notional",
      "count": 444887,
      "min_val": 0.0008968760000000001,
      "max_val": 813838.64202,
      "mean_val": 454.63133994496013,
      "median_val": 40.951804097,
      "std_val": 3485.1739832427206,
      "percentiles": {
        "1": 0.8985093000000001,
        "5": 1.3467801,
        "10": 4.7141275504,
        "25": 40.43304040299999,
        "50": 40.951804097,
        "75": 41.373318489,
        "90": 629.0378177024068,
        "95": 1865.6238967000013,
        "99": 8185.219647377125
      }
    },
    "spread": {
      "name": "spread",
      "count": 444887,
      "min_val": 0.09999999999126885,
      "max_val": 2.8000000000029104,
      "mean_val": 0.10240802720936416,
      "median_val": 0.10000000000582077,
      "std_val": 0.05904840455567847,
      "percentiles": {
        "1": 0.09999999999126885,
        "5": 0.09999999999126885,
        "10": 0.09999999999126885,
        "25": 0.10000000000582077,
        "50": 0.10000000000582077,
        "75": 0.10000000000582077,
        "90": 0.10000000000582077,
        "95": 0.10000000000582077,
        "99": 0.10000000000582077
      }
    },
    "imbalance": {
      "name": "imbalance",
      "count": 444887,
      "min_val": 3.153775199303184e-05,
      "max_val": 0.9996319543972358,
      "mean_val": 0.6553333066924816,
      "median_val": 0.7316502084632219,
      "std_val": 0.2992393001803705,
      "percentiles": {
        "1": 0.018478891855189306,
        "5": 0.08689324138534874,
        "10": 0.1812246515289984,
        "25": 0.4223279523390823,
        "50": 0.7316502084632219,
        "75": 0.9278591143565471,
        "90": 0.9866143309303463,
        "95": 0.9949796450854553,
        "99": 0.9978477099727452
      }
    },
    "volatility_bps": {
      "name": "volatility_bps",
      "count": 444887,
      "min_val": 0.010854740236977307,
      "max_val": 49.578048058063935,
      "mean_val": 8.383654418829945,
      "median_val": 7.100360315976959,
      "std_val": 5.437360282202881,
      "percentiles": {
        "1": 1.3915153439030061,
        "5": 2.3873177830641255,
        "10": 3.0992284235389036,
        "25": 4.643209577842766,
        "50": 7.100360315976959,
        "75": 10.627386664733072,
        "90": 15.287263950320996,
        "95": 18.928178140819135,
        "99": 27.890002895713085
      }
    }
  },
  "recommended_config": {
    "mirror_reversal": {
      "window_ms": 11121,
      "price_diff_bps": 1.0,
      "amount_gap_ratio": 0.01,
      "low_volatility_bps": 1.3915153439030061,
      "spread_threshold_bps": 0.09999999999126885
    },
    "layering_cluster": {
      "price_range_bps": 1.0,
      "imbalance_threshold": 0.9978477099727452
    },
    "balanced_churn": {
      "_median_notional": 40.951804097,
      "notional_multiplier": 20.0
    },
    "calibration_meta": {
      "sensitivity": 0.99,
      "percentile_used": 99
    }
  }
}